<?xml version="1.0" encoding="UTF-8"?>
<export version="D">
  <design>
    <source>/home/jonas/Documents/Test/TestStepper/TestStepper.sch</source>
    <date>Sa 28 Dez 2019 10:49:31 CET</date>
    <tool>Eeschema 5.1.5</tool>
    <sheet number="1" name="/" tstamps="/">
      <title_block>
        <title/>
        <company/>
        <rev/>
        <date/>
        <source>TestStepper.sch</source>
        <comment number="1" value=""/>
        <comment number="2" value=""/>
        <comment number="3" value=""/>
        <comment number="4" value=""/>
      </title_block>
    </sheet>
  </design>
  <components>
    <comp ref="U2">
      <value>MX612E</value>
      <footprint>Package_SO:SOP-8_3.76x4.96mm_P1.27mm</footprint>
      <libsource lib="MyLib" part="MX612E" description=""/>
      <sheetpath names="/" tstamps="/"/>
      <tstamp>5E06E997</tstamp>
    </comp>
    <comp ref="U3">
      <value>MX612E</value>
      <footprint>Package_SO:SOP-8_3.76x4.96mm_P1.27mm</footprint>
      <libsource lib="MyLib" part="MX612E" description=""/>
      <sheetpath names="/" tstamps="/"/>
      <tstamp>5E06F1F5</tstamp>
    </comp>
    <comp ref="U5">
      <value>MX612E</value>
      <footprint>Package_SO:SOP-8_3.76x4.96mm_P1.27mm</footprint>
      <libsource lib="MyLib" part="MX612E" description=""/>
      <sheetpath names="/" tstamps="/"/>
      <tstamp>5E07040A</tstamp>
    </comp>
    <comp ref="U6">
      <value>MX612E</value>
      <footprint>Package_SO:SOP-8_3.76x4.96mm_P1.27mm</footprint>
      <libsource lib="MyLib" part="MX612E" description=""/>
      <sheetpath names="/" tstamps="/"/>
      <tstamp>5E070E45</tstamp>
    </comp>
    <comp ref="U7">
      <value>MX612E</value>
      <footprint>Package_SO:SOP-8_3.76x4.96mm_P1.27mm</footprint>
      <libsource lib="MyLib" part="MX612E" description=""/>
      <sheetpath names="/" tstamps="/"/>
      <tstamp>5E0713BB</tstamp>
    </comp>
    <comp ref="R3">
      <value>R</value>
      <footprint>Resistor_SMD:R_2512_6332Metric</footprint>
      <datasheet>~</datasheet>
      <libsource lib="Device" part="R" description="Resistor"/>
      <sheetpath names="/" tstamps="/"/>
      <tstamp>5E0891AB</tstamp>
    </comp>
    <comp ref="R4">
      <value>R</value>
      <footprint>Resistor_SMD:R_2512_6332Metric</footprint>
      <datasheet>~</datasheet>
      <libsource lib="Device" part="R" description="Resistor"/>
      <sheetpath names="/" tstamps="/"/>
      <tstamp>5E08A1B8</tstamp>
    </comp>
    <comp ref="R1">
      <value>R</value>
      <footprint>Resistor_SMD:R_2512_6332Metric</footprint>
      <datasheet>~</datasheet>
      <libsource lib="Device" part="R" description="Resistor"/>
      <sheetpath names="/" tstamps="/"/>
      <tstamp>5E08AECB</tstamp>
    </comp>
    <comp ref="R2">
      <value>R</value>
      <footprint>Resistor_SMD:R_2512_6332Metric</footprint>
      <datasheet>~</datasheet>
      <libsource lib="Device" part="R" description="Resistor"/>
      <sheetpath names="/" tstamps="/"/>
      <tstamp>5E08AED1</tstamp>
    </comp>
    <comp ref="R7">
      <value>R</value>
      <footprint>Resistor_SMD:R_2512_6332Metric</footprint>
      <datasheet>~</datasheet>
      <libsource lib="Device" part="R" description="Resistor"/>
      <sheetpath names="/" tstamps="/"/>
      <tstamp>5E08B743</tstamp>
    </comp>
    <comp ref="R8">
      <value>R</value>
      <footprint>Resistor_SMD:R_2512_6332Metric</footprint>
      <datasheet>~</datasheet>
      <libsource lib="Device" part="R" description="Resistor"/>
      <sheetpath names="/" tstamps="/"/>
      <tstamp>5E08B749</tstamp>
    </comp>
    <comp ref="R5">
      <value>R</value>
      <footprint>Resistor_SMD:R_2512_6332Metric</footprint>
      <datasheet>~</datasheet>
      <libsource lib="Device" part="R" description="Resistor"/>
      <sheetpath names="/" tstamps="/"/>
      <tstamp>5E08BDBB</tstamp>
    </comp>
    <comp ref="R6">
      <value>R</value>
      <footprint>Resistor_SMD:R_2512_6332Metric</footprint>
      <datasheet>~</datasheet>
      <libsource lib="Device" part="R" description="Resistor"/>
      <sheetpath names="/" tstamps="/"/>
      <tstamp>5E08BDC1</tstamp>
    </comp>
    <comp ref="R11">
      <value>R</value>
      <footprint>Resistor_SMD:R_2512_6332Metric</footprint>
      <datasheet>~</datasheet>
      <libsource lib="Device" part="R" description="Resistor"/>
      <sheetpath names="/" tstamps="/"/>
      <tstamp>5E08C477</tstamp>
    </comp>
    <comp ref="R12">
      <value>R</value>
      <footprint>Resistor_SMD:R_2512_6332Metric</footprint>
      <datasheet>~</datasheet>
      <libsource lib="Device" part="R" description="Resistor"/>
      <sheetpath names="/" tstamps="/"/>
      <tstamp>5E08C47D</tstamp>
    </comp>
    <comp ref="R9">
      <value>R</value>
      <footprint>Resistor_SMD:R_2512_6332Metric</footprint>
      <datasheet>~</datasheet>
      <libsource lib="Device" part="R" description="Resistor"/>
      <sheetpath names="/" tstamps="/"/>
      <tstamp>5E08CAD7</tstamp>
    </comp>
    <comp ref="R10">
      <value>R</value>
      <footprint>Resistor_SMD:R_2512_6332Metric</footprint>
      <datasheet>~</datasheet>
      <libsource lib="Device" part="R" description="Resistor"/>
      <sheetpath names="/" tstamps="/"/>
      <tstamp>5E08CADD</tstamp>
    </comp>
    <comp ref="R13">
      <value>R</value>
      <footprint>Resistor_SMD:R_2512_6332Metric</footprint>
      <datasheet>~</datasheet>
      <libsource lib="Device" part="R" description="Resistor"/>
      <sheetpath names="/" tstamps="/"/>
      <tstamp>5E08D1A1</tstamp>
    </comp>
    <comp ref="R14">
      <value>R</value>
      <footprint>Resistor_SMD:R_2512_6332Metric</footprint>
      <datasheet>~</datasheet>
      <libsource lib="Device" part="R" description="Resistor"/>
      <sheetpath names="/" tstamps="/"/>
      <tstamp>5E08D1A7</tstamp>
    </comp>
    <comp ref="R15">
      <value>R</value>
      <footprint>Resistor_SMD:R_2512_6332Metric</footprint>
      <datasheet>~</datasheet>
      <libsource lib="Device" part="R" description="Resistor"/>
      <sheetpath names="/" tstamps="/"/>
      <tstamp>5E08DA37</tstamp>
    </comp>
    <comp ref="R16">
      <value>R</value>
      <footprint>Resistor_SMD:R_2512_6332Metric</footprint>
      <datasheet>~</datasheet>
      <libsource lib="Device" part="R" description="Resistor"/>
      <sheetpath names="/" tstamps="/"/>
      <tstamp>5E08DA3D</tstamp>
    </comp>
    <comp ref="U1">
      <value>MX612E</value>
      <footprint>Package_SO:SOP-8_3.76x4.96mm_P1.27mm</footprint>
      <libsource lib="MyLib" part="MX612E" description=""/>
      <sheetpath names="/" tstamps="/"/>
      <tstamp>5E06CB44</tstamp>
    </comp>
    <comp ref="C1">
      <value>4.7u</value>
      <footprint>Capacitor_SMD:C_0805_2012Metric</footprint>
      <datasheet>~</datasheet>
      <libsource lib="Device" part="C" description="Unpolarized capacitor"/>
      <sheetpath names="/" tstamps="/"/>
      <tstamp>5E13A49C</tstamp>
    </comp>
    <comp ref="C2">
      <value>10u</value>
      <footprint>Capacitor_SMD:C_0805_2012Metric</footprint>
      <datasheet>~</datasheet>
      <libsource lib="Device" part="C" description="Unpolarized capacitor"/>
      <sheetpath names="/" tstamps="/"/>
      <tstamp>5E135A41</tstamp>
    </comp>
    <comp ref="C8">
      <value>4.7u</value>
      <footprint>Capacitor_SMD:C_0805_2012Metric</footprint>
      <datasheet>~</datasheet>
      <libsource lib="Device" part="C" description="Unpolarized capacitor"/>
      <sheetpath names="/" tstamps="/"/>
      <tstamp>5E1806BF</tstamp>
    </comp>
    <comp ref="C9">
      <value>10u</value>
      <footprint>Capacitor_SMD:C_0805_2012Metric</footprint>
      <datasheet>~</datasheet>
      <libsource lib="Device" part="C" description="Unpolarized capacitor"/>
      <sheetpath names="/" tstamps="/"/>
      <tstamp>5E1806C5</tstamp>
    </comp>
    <comp ref="U4">
      <value>MX612E</value>
      <footprint>Package_SO:SOP-8_3.76x4.96mm_P1.27mm</footprint>
      <libsource lib="MyLib" part="MX612E" description=""/>
      <sheetpath names="/" tstamps="/"/>
      <tstamp>5E06FA4D</tstamp>
    </comp>
    <comp ref="C13">
      <value>4.7u</value>
      <footprint>Capacitor_SMD:C_0805_2012Metric</footprint>
      <datasheet>~</datasheet>
      <libsource lib="Device" part="C" description="Unpolarized capacitor"/>
      <sheetpath names="/" tstamps="/"/>
      <tstamp>5E19F22B</tstamp>
    </comp>
    <comp ref="C14">
      <value>10u</value>
      <footprint>Capacitor_SMD:C_0805_2012Metric</footprint>
      <datasheet>~</datasheet>
      <libsource lib="Device" part="C" description="Unpolarized capacitor"/>
      <sheetpath names="/" tstamps="/"/>
      <tstamp>5E19F231</tstamp>
    </comp>
    <comp ref="C21">
      <value>4.7u</value>
      <footprint>Capacitor_SMD:C_0805_2012Metric</footprint>
      <datasheet>~</datasheet>
      <libsource lib="Device" part="C" description="Unpolarized capacitor"/>
      <sheetpath names="/" tstamps="/"/>
      <tstamp>5E1A44FF</tstamp>
    </comp>
    <comp ref="C23">
      <value>10u</value>
      <footprint>Capacitor_SMD:C_0805_2012Metric</footprint>
      <datasheet>~</datasheet>
      <libsource lib="Device" part="C" description="Unpolarized capacitor"/>
      <sheetpath names="/" tstamps="/"/>
      <tstamp>5E1A4505</tstamp>
    </comp>
    <comp ref="C4">
      <value>4.7u</value>
      <footprint>Capacitor_SMD:C_0805_2012Metric</footprint>
      <datasheet>~</datasheet>
      <libsource lib="Device" part="C" description="Unpolarized capacitor"/>
      <sheetpath names="/" tstamps="/"/>
      <tstamp>5E1D1BEC</tstamp>
    </comp>
    <comp ref="C6">
      <value>10u</value>
      <footprint>Capacitor_SMD:C_0805_2012Metric</footprint>
      <datasheet>~</datasheet>
      <libsource lib="Device" part="C" description="Unpolarized capacitor"/>
      <sheetpath names="/" tstamps="/"/>
      <tstamp>5E1D1BF2</tstamp>
    </comp>
    <comp ref="C3">
      <value>4.7u</value>
      <footprint>Capacitor_SMD:C_0805_2012Metric</footprint>
      <datasheet>~</datasheet>
      <libsource lib="Device" part="C" description="Unpolarized capacitor"/>
      <sheetpath names="/" tstamps="/"/>
      <tstamp>5E1E4614</tstamp>
    </comp>
    <comp ref="C5">
      <value>10u</value>
      <footprint>Capacitor_SMD:C_0805_2012Metric</footprint>
      <datasheet>~</datasheet>
      <libsource lib="Device" part="C" description="Unpolarized capacitor"/>
      <sheetpath names="/" tstamps="/"/>
      <tstamp>5E1E461A</tstamp>
    </comp>
    <comp ref="C15">
      <value>4.7u</value>
      <footprint>Capacitor_SMD:C_0805_2012Metric</footprint>
      <datasheet>~</datasheet>
      <libsource lib="Device" part="C" description="Unpolarized capacitor"/>
      <sheetpath names="/" tstamps="/"/>
      <tstamp>5E1F7CC1</tstamp>
    </comp>
    <comp ref="C16">
      <value>10u</value>
      <footprint>Capacitor_SMD:C_0805_2012Metric</footprint>
      <datasheet>~</datasheet>
      <libsource lib="Device" part="C" description="Unpolarized capacitor"/>
      <sheetpath names="/" tstamps="/"/>
      <tstamp>5E1F7CC7</tstamp>
    </comp>
    <comp ref="U8">
      <value>MX612E</value>
      <footprint>Package_SO:SOP-8_3.76x4.96mm_P1.27mm</footprint>
      <libsource lib="MyLib" part="MX612E" description=""/>
      <sheetpath names="/" tstamps="/"/>
      <tstamp>5E072DA5</tstamp>
    </comp>
    <comp ref="C17">
      <value>4.7u</value>
      <footprint>Capacitor_SMD:C_0805_2012Metric</footprint>
      <datasheet>~</datasheet>
      <libsource lib="Device" part="C" description="Unpolarized capacitor"/>
      <sheetpath names="/" tstamps="/"/>
      <tstamp>5E21A6F1</tstamp>
    </comp>
    <comp ref="C18">
      <value>10u</value>
      <footprint>Capacitor_SMD:C_0805_2012Metric</footprint>
      <datasheet>~</datasheet>
      <libsource lib="Device" part="C" description="Unpolarized capacitor"/>
      <sheetpath names="/" tstamps="/"/>
      <tstamp>5E21A6F7</tstamp>
    </comp>
    <comp ref="U10">
      <value>STM32F030C8Tx</value>
      <footprint>Package_QFP:LQFP-48_7x7mm_P0.5mm</footprint>
      <datasheet>http://www.st.com/st-web-ui/static/active/en/resource/technical/document/datasheet/DM00088500.pdf</datasheet>
      <libsource lib="MCU_ST_STM32F0" part="STM32F030C8Tx" description="ARM Cortex-M0 MCU, 64KB flash, 8KB RAM, 48MHz, 2.4-3.6V, 39 GPIO, LQFP-48"/>
      <sheetpath names="/" tstamps="/"/>
      <tstamp>5E2A469E</tstamp>
    </comp>
    <comp ref="R18">
      <value>10k</value>
      <footprint>Resistor_SMD:R_0603_1608Metric</footprint>
      <datasheet>~</datasheet>
      <libsource lib="Device" part="R" description="Resistor"/>
      <sheetpath names="/" tstamps="/"/>
      <tstamp>5E2C7B97</tstamp>
    </comp>
    <comp ref="SW9">
      <value>Reset</value>
      <footprint>Button_Switch_THT:SW_PUSH_6mm</footprint>
      <datasheet>~</datasheet>
      <libsource lib="Switch" part="SW_Push" description="Push button switch, generic, two pins"/>
      <sheetpath names="/" tstamps="/"/>
      <tstamp>5E2DCBFE</tstamp>
    </comp>
    <comp ref="C10">
      <value>100n</value>
      <footprint>Capacitor_SMD:C_0805_2012Metric</footprint>
      <datasheet>~</datasheet>
      <libsource lib="Device" part="C" description="Unpolarized capacitor"/>
      <sheetpath names="/" tstamps="/"/>
      <tstamp>5E2EAB49</tstamp>
    </comp>
    <comp ref="C11">
      <value>100n</value>
      <footprint>Capacitor_SMD:C_0805_2012Metric</footprint>
      <datasheet>~</datasheet>
      <libsource lib="Device" part="C" description="Unpolarized capacitor"/>
      <sheetpath names="/" tstamps="/"/>
      <tstamp>5E34B979</tstamp>
    </comp>
    <comp ref="C12">
      <value>100n</value>
      <footprint>Capacitor_SMD:C_0805_2012Metric</footprint>
      <datasheet>~</datasheet>
      <libsource lib="Device" part="C" description="Unpolarized capacitor"/>
      <sheetpath names="/" tstamps="/"/>
      <tstamp>5E34BFAA</tstamp>
    </comp>
    <comp ref="C19">
      <value>100n</value>
      <footprint>Capacitor_SMD:C_0805_2012Metric</footprint>
      <datasheet>~</datasheet>
      <libsource lib="Device" part="C" description="Unpolarized capacitor"/>
      <sheetpath names="/" tstamps="/"/>
      <tstamp>5E34D5EF</tstamp>
    </comp>
    <comp ref="SW1">
      <value>UP1</value>
      <footprint>Button_Switch_THT:SW_PUSH_6mm</footprint>
      <datasheet>~</datasheet>
      <libsource lib="Switch" part="SW_Push" description="Push button switch, generic, two pins"/>
      <sheetpath names="/" tstamps="/"/>
      <tstamp>5E3AC055</tstamp>
    </comp>
    <comp ref="SW2">
      <value>DOWN1</value>
      <footprint>Button_Switch_THT:SW_PUSH_6mm</footprint>
      <datasheet>~</datasheet>
      <libsource lib="Switch" part="SW_Push" description="Push button switch, generic, two pins"/>
      <sheetpath names="/" tstamps="/"/>
      <tstamp>5E3B3DB8</tstamp>
    </comp>
    <comp ref="SW3">
      <value>UP2</value>
      <footprint>Button_Switch_THT:SW_PUSH_6mm</footprint>
      <datasheet>~</datasheet>
      <libsource lib="Switch" part="SW_Push" description="Push button switch, generic, two pins"/>
      <sheetpath names="/" tstamps="/"/>
      <tstamp>5E3BA112</tstamp>
    </comp>
    <comp ref="SW4">
      <value>DOWN2</value>
      <footprint>Button_Switch_THT:SW_PUSH_6mm</footprint>
      <datasheet>~</datasheet>
      <libsource lib="Switch" part="SW_Push" description="Push button switch, generic, two pins"/>
      <sheetpath names="/" tstamps="/"/>
      <tstamp>5E3C02CD</tstamp>
    </comp>
    <comp ref="SW7">
      <value>LEFT</value>
      <footprint>Button_Switch_THT:SW_PUSH_6mm</footprint>
      <datasheet>~</datasheet>
      <libsource lib="Switch" part="SW_Push" description="Push button switch, generic, two pins"/>
      <sheetpath names="/" tstamps="/"/>
      <tstamp>5E3D28A4</tstamp>
    </comp>
    <comp ref="SW8">
      <value>RIGHT</value>
      <footprint>Button_Switch_THT:SW_PUSH_6mm</footprint>
      <datasheet>~</datasheet>
      <libsource lib="Switch" part="SW_Push" description="Push button switch, generic, two pins"/>
      <sheetpath names="/" tstamps="/"/>
      <tstamp>5E3D8B69</tstamp>
    </comp>
    <comp ref="J1">
      <value>Conn_01x06_Male</value>
      <footprint>Connector_PinHeader_2.54mm:PinHeader_1x06_P2.54mm_Vertical</footprint>
      <datasheet>~</datasheet>
      <libsource lib="Connector" part="Conn_01x06_Male" description="Generic connector, single row, 01x06, script generated (kicad-library-utils/schlib/autogen/connector/)"/>
      <sheetpath names="/" tstamps="/"/>
      <tstamp>5E4849EA</tstamp>
    </comp>
    <comp ref="U9">
      <value>AMS1117-3.3</value>
      <footprint>Package_TO_SOT_SMD:SOT-223-3_TabPin2</footprint>
      <datasheet>http://www.advanced-monolithic.com/pdf/ds1117.pdf</datasheet>
      <libsource lib="Regulator_Linear" part="AMS1117-3.3" description="1A Low Dropout regulator, positive, 3.3V fixed output, SOT-223"/>
      <sheetpath names="/" tstamps="/"/>
      <tstamp>5E497CB0</tstamp>
    </comp>
    <comp ref="C7">
      <value>22uF</value>
      <footprint>Capacitor_SMD:C_1206_3216Metric</footprint>
      <datasheet>~</datasheet>
      <libsource lib="Device" part="C" description="Unpolarized capacitor"/>
      <sheetpath names="/" tstamps="/"/>
      <tstamp>5E4AB23B</tstamp>
    </comp>
    <comp ref="D1">
      <value>LED</value>
      <footprint>LED_SMD:LED_0603_1608Metric</footprint>
      <datasheet>~</datasheet>
      <libsource lib="Device" part="LED" description="Light emitting diode"/>
      <sheetpath names="/" tstamps="/"/>
      <tstamp>5E4C30B3</tstamp>
    </comp>
    <comp ref="R17">
      <value>470</value>
      <footprint>Resistor_SMD:R_0603_1608Metric</footprint>
      <datasheet>~</datasheet>
      <libsource lib="Device" part="R" description="Resistor"/>
      <sheetpath names="/" tstamps="/"/>
      <tstamp>5E4C5929</tstamp>
    </comp>
    <comp ref="J2">
      <value>USB_B_Micro</value>
      <footprint>MyLib:USBMicroConrad</footprint>
      <datasheet>~</datasheet>
      <libsource lib="Connector" part="USB_B_Micro" description="USB Micro Type B connector"/>
      <sheetpath names="/" tstamps="/"/>
      <tstamp>5E5E5448</tstamp>
    </comp>
    <comp ref="J3">
      <value>Conn_01x02_Female</value>
      <footprint>Connector_PinHeader_2.54mm:PinHeader_1x02_P2.54mm_Vertical</footprint>
      <datasheet>~</datasheet>
      <libsource lib="Connector" part="Conn_01x02_Female" description="Generic connector, single row, 01x02, script generated (kicad-library-utils/schlib/autogen/connector/)"/>
      <sheetpath names="/" tstamps="/"/>
      <tstamp>5E5E6E2C</tstamp>
    </comp>
    <comp ref="D2">
      <value>LED</value>
      <footprint>LED_SMD:LED_0603_1608Metric</footprint>
      <datasheet>~</datasheet>
      <libsource lib="Device" part="LED" description="Light emitting diode"/>
      <sheetpath names="/" tstamps="/"/>
      <tstamp>5E0D4ABC</tstamp>
    </comp>
    <comp ref="R19">
      <value>470</value>
      <footprint>Resistor_SMD:R_0603_1608Metric</footprint>
      <datasheet>~</datasheet>
      <libsource lib="Device" part="R" description="Resistor"/>
      <sheetpath names="/" tstamps="/"/>
      <tstamp>5E0D4AC2</tstamp>
    </comp>
    <comp ref="D3">
      <value>LED</value>
      <footprint>LED_SMD:LED_0603_1608Metric</footprint>
      <datasheet>~</datasheet>
      <libsource lib="Device" part="LED" description="Light emitting diode"/>
      <sheetpath names="/" tstamps="/"/>
      <tstamp>5E0DE258</tstamp>
    </comp>
    <comp ref="R20">
      <value>470</value>
      <footprint>Resistor_SMD:R_0603_1608Metric</footprint>
      <datasheet>~</datasheet>
      <libsource lib="Device" part="R" description="Resistor"/>
      <sheetpath names="/" tstamps="/"/>
      <tstamp>5E0DE25E</tstamp>
    </comp>
    <comp ref="D4">
      <value>LED</value>
      <footprint>LED_SMD:LED_0603_1608Metric</footprint>
      <datasheet>~</datasheet>
      <libsource lib="Device" part="LED" description="Light emitting diode"/>
      <sheetpath names="/" tstamps="/"/>
      <tstamp>5E0E71F8</tstamp>
    </comp>
    <comp ref="R21">
      <value>470</value>
      <footprint>Resistor_SMD:R_0603_1608Metric</footprint>
      <datasheet>~</datasheet>
      <libsource lib="Device" part="R" description="Resistor"/>
      <sheetpath names="/" tstamps="/"/>
      <tstamp>5E0E71FE</tstamp>
    </comp>
    <comp ref="D5">
      <value>LED</value>
      <footprint>LED_SMD:LED_0603_1608Metric</footprint>
      <datasheet>~</datasheet>
      <libsource lib="Device" part="LED" description="Light emitting diode"/>
      <sheetpath names="/" tstamps="/"/>
      <tstamp>5E105D2F</tstamp>
    </comp>
    <comp ref="R22">
      <value>470</value>
      <footprint>Resistor_SMD:R_0603_1608Metric</footprint>
      <datasheet>~</datasheet>
      <libsource lib="Device" part="R" description="Resistor"/>
      <sheetpath names="/" tstamps="/"/>
      <tstamp>5E105D35</tstamp>
    </comp>
    <comp ref="D6">
      <value>LED</value>
      <footprint>LED_SMD:LED_0603_1608Metric</footprint>
      <datasheet>~</datasheet>
      <libsource lib="Device" part="LED" description="Light emitting diode"/>
      <sheetpath names="/" tstamps="/"/>
      <tstamp>5E10F088</tstamp>
    </comp>
    <comp ref="R23">
      <value>470</value>
      <footprint>Resistor_SMD:R_0603_1608Metric</footprint>
      <datasheet>~</datasheet>
      <libsource lib="Device" part="R" description="Resistor"/>
      <sheetpath names="/" tstamps="/"/>
      <tstamp>5E10F08E</tstamp>
    </comp>
  </components>
  <libparts>
    <libpart lib="Connector" part="Conn_01x02_Female">
      <description>Generic connector, single row, 01x02, script generated (kicad-library-utils/schlib/autogen/connector/)</description>
      <docs>~</docs>
      <footprints>
        <fp>Connector*:*_1x??_*</fp>
      </footprints>
      <fields>
        <field name="Reference">J</field>
        <field name="Value">Conn_01x02_Female</field>
      </fields>
      <pins>
        <pin num="1" name="Pin_1" type="passive"/>
        <pin num="2" name="Pin_2" type="passive"/>
      </pins>
    </libpart>
    <libpart lib="Connector" part="Conn_01x06_Male">
      <description>Generic connector, single row, 01x06, script generated (kicad-library-utils/schlib/autogen/connector/)</description>
      <docs>~</docs>
      <footprints>
        <fp>Connector*:*_1x??_*</fp>
      </footprints>
      <fields>
        <field name="Reference">J</field>
        <field name="Value">Conn_01x06_Male</field>
      </fields>
      <pins>
        <pin num="1" name="Pin_1" type="passive"/>
        <pin num="2" name="Pin_2" type="passive"/>
        <pin num="3" name="Pin_3" type="passive"/>
        <pin num="4" name="Pin_4" type="passive"/>
        <pin num="5" name="Pin_5" type="passive"/>
        <pin num="6" name="Pin_6" type="passive"/>
      </pins>
    </libpart>
    <libpart lib="Connector" part="USB_B_Micro">
      <aliases>
        <alias>USB_B_Mini</alias>
      </aliases>
      <description>USB Micro Type B connector</description>
      <docs>~</docs>
      <footprints>
        <fp>USB*</fp>
      </footprints>
      <fields>
        <field name="Reference">J</field>
        <field name="Value">USB_B_Micro</field>
      </fields>
      <pins>
        <pin num="1" name="VBUS" type="power_out"/>
        <pin num="2" name="D-" type="passive"/>
        <pin num="3" name="D+" type="passive"/>
        <pin num="4" name="ID" type="passive"/>
        <pin num="5" name="GND" type="power_out"/>
        <pin num="6" name="Shield" type="passive"/>
      </pins>
    </libpart>
    <libpart lib="Device" part="C">
      <description>Unpolarized capacitor</description>
      <docs>~</docs>
      <footprints>
        <fp>C_*</fp>
      </footprints>
      <fields>
        <field name="Reference">C</field>
        <field name="Value">C</field>
      </fields>
      <pins>
        <pin num="1" name="~" type="passive"/>
        <pin num="2" name="~" type="passive"/>
      </pins>
    </libpart>
    <libpart lib="Device" part="LED">
      <description>Light emitting diode</description>
      <docs>~</docs>
      <footprints>
        <fp>LED*</fp>
        <fp>LED_SMD:*</fp>
        <fp>LED_THT:*</fp>
      </footprints>
      <fields>
        <field name="Reference">D</field>
        <field name="Value">LED</field>
      </fields>
      <pins>
        <pin num="1" name="K" type="passive"/>
        <pin num="2" name="A" type="passive"/>
      </pins>
    </libpart>
    <libpart lib="Device" part="R">
      <description>Resistor</description>
      <docs>~</docs>
      <footprints>
        <fp>R_*</fp>
      </footprints>
      <fields>
        <field name="Reference">R</field>
        <field name="Value">R</field>
      </fields>
      <pins>
        <pin num="1" name="~" type="passive"/>
        <pin num="2" name="~" type="passive"/>
      </pins>
    </libpart>
    <libpart lib="MCU_ST_STM32F0" part="STM32F030C8Tx">
      <description>ARM Cortex-M0 MCU, 64KB flash, 8KB RAM, 48MHz, 2.4-3.6V, 39 GPIO, LQFP-48</description>
      <docs>http://www.st.com/st-web-ui/static/active/en/resource/technical/document/datasheet/DM00088500.pdf</docs>
      <footprints>
        <fp>LQFP*7x7mm*P0.5mm*</fp>
      </footprints>
      <fields>
        <field name="Reference">U</field>
        <field name="Value">STM32F030C8Tx</field>
        <field name="Footprint">Package_QFP:LQFP-48_7x7mm_P0.5mm</field>
      </fields>
      <pins>
        <pin num="1" name="VDD" type="power_in"/>
        <pin num="2" name="PC13" type="BiDi"/>
        <pin num="3" name="PC14" type="BiDi"/>
        <pin num="4" name="PC15" type="BiDi"/>
        <pin num="5" name="PF0" type="input"/>
        <pin num="6" name="PF1" type="input"/>
        <pin num="7" name="NRST" type="input"/>
        <pin num="8" name="VSSA" type="power_in"/>
        <pin num="9" name="VDDA" type="power_in"/>
        <pin num="10" name="PA0" type="BiDi"/>
        <pin num="11" name="PA1" type="BiDi"/>
        <pin num="12" name="PA2" type="BiDi"/>
        <pin num="13" name="PA3" type="BiDi"/>
        <pin num="14" name="PA4" type="BiDi"/>
        <pin num="15" name="PA5" type="BiDi"/>
        <pin num="16" name="PA6" type="BiDi"/>
        <pin num="17" name="PA7" type="BiDi"/>
        <pin num="18" name="PB0" type="BiDi"/>
        <pin num="19" name="PB1" type="BiDi"/>
        <pin num="20" name="PB2" type="BiDi"/>
        <pin num="21" name="PB10" type="BiDi"/>
        <pin num="22" name="PB11" type="BiDi"/>
        <pin num="23" name="VSS" type="power_in"/>
        <pin num="24" name="VDD" type="power_in"/>
        <pin num="25" name="PB12" type="BiDi"/>
        <pin num="26" name="PB13" type="BiDi"/>
        <pin num="27" name="PB14" type="BiDi"/>
        <pin num="28" name="PB15" type="BiDi"/>
        <pin num="29" name="PA8" type="BiDi"/>
        <pin num="30" name="PA9" type="BiDi"/>
        <pin num="31" name="PA10" type="BiDi"/>
        <pin num="32" name="PA11" type="BiDi"/>
        <pin num="33" name="PA12" type="BiDi"/>
        <pin num="34" name="PA13" type="BiDi"/>
        <pin num="35" name="PF6" type="BiDi"/>
        <pin num="36" name="PF7" type="BiDi"/>
        <pin num="37" name="PA14" type="BiDi"/>
        <pin num="38" name="PA15" type="BiDi"/>
        <pin num="39" name="PB3" type="BiDi"/>
        <pin num="40" name="PB4" type="BiDi"/>
        <pin num="41" name="PB5" type="BiDi"/>
        <pin num="42" name="PB6" type="BiDi"/>
        <pin num="43" name="PB7" type="BiDi"/>
        <pin num="44" name="BOOT0" type="input"/>
        <pin num="45" name="PB8" type="BiDi"/>
        <pin num="46" name="PB9" type="BiDi"/>
        <pin num="47" name="VSS" type="power_in"/>
        <pin num="48" name="VDD" type="power_in"/>
      </pins>
    </libpart>
    <libpart lib="MyLib" part="MX612E">
      <fields>
        <field name="Reference">U</field>
        <field name="Value">MX612E</field>
      </fields>
      <pins>
        <pin num="1" name="VCC" type="power_in"/>
        <pin num="2" name="INA" type="input"/>
        <pin num="3" name="INB" type="input"/>
        <pin num="4" name="VDD" type="power_in"/>
        <pin num="5" name="OUTB" type="power_in"/>
        <pin num="6" name="GND" type="power_in"/>
        <pin num="7" name="GND" type="power_in"/>
        <pin num="8" name="OUTA" type="power_in"/>
      </pins>
    </libpart>
    <libpart lib="Regulator_Linear" part="AP1117-15">
      <aliases>
        <alias>AP1117-18</alias>
        <alias>AP1117-25</alias>
        <alias>AP1117-33</alias>
        <alias>AP1117-50</alias>
        <alias>LD1117S33TR_SOT223</alias>
        <alias>LD1117S12TR_SOT223</alias>
        <alias>LD1117S18TR_SOT223</alias>
        <alias>LD1117S25TR_SOT223</alias>
        <alias>LD1117S50TR_SOT223</alias>
        <alias>NCP1117-12_SOT223</alias>
        <alias>NCP1117-1.5_SOT223</alias>
        <alias>NCP1117-1.8_SOT223</alias>
        <alias>NCP1117-2.0_SOT223</alias>
        <alias>NCP1117-2.5_SOT223</alias>
        <alias>NCP1117-2.85_SOT223</alias>
        <alias>NCP1117-3.3_SOT223</alias>
        <alias>NCP1117-5.0_SOT223</alias>
        <alias>AMS1117-1.5</alias>
        <alias>AMS1117-1.8</alias>
        <alias>AMS1117-2.5</alias>
        <alias>AMS1117-2.85</alias>
        <alias>AMS1117-3.3</alias>
        <alias>AMS1117-5.0</alias>
      </aliases>
      <description>1A Low Dropout regulator, positive, 1.5V fixed output, SOT-223</description>
      <docs>http://www.diodes.com/datasheets/AP1117.pdf</docs>
      <footprints>
        <fp>SOT?223*TabPin2*</fp>
      </footprints>
      <fields>
        <field name="Reference">U</field>
        <field name="Value">AP1117-15</field>
        <field name="Footprint">Package_TO_SOT_SMD:SOT-223-3_TabPin2</field>
      </fields>
      <pins>
        <pin num="1" name="GND" type="power_in"/>
        <pin num="2" name="VO" type="power_out"/>
        <pin num="3" name="VI" type="power_in"/>
      </pins>
    </libpart>
    <libpart lib="Switch" part="SW_Push">
      <description>Push button switch, generic, two pins</description>
      <docs>~</docs>
      <fields>
        <field name="Reference">SW</field>
        <field name="Value">SW_Push</field>
      </fields>
      <pins>
        <pin num="1" name="1" type="passive"/>
        <pin num="2" name="2" type="passive"/>
      </pins>
    </libpart>
  </libparts>
  <libraries>
    <library logical="Connector">
      <uri>/usr/share/kicad/library/Connector.lib</uri>
    </library>
    <library logical="Device">
      <uri>/usr/share/kicad/library/Device.lib</uri>
    </library>
    <library logical="MCU_ST_STM32F0">
      <uri>/usr/share/kicad/library/MCU_ST_STM32F0.lib</uri>
    </library>
    <library logical="MyLib">
      <uri>/home/jonas/Documents/Test/TestStepper/MyLib.lib</uri>
    </library>
    <library logical="Regulator_Linear">
      <uri>/usr/share/kicad/library/Regulator_Linear.lib</uri>
    </library>
    <library logical="Switch">
      <uri>/usr/share/kicad/library/Switch.lib</uri>
    </library>
  </libraries>
  <nets>
    <net code="1" name="GND">
      <node ref="D6" pin="1"/>
      <node ref="U1" pin="6"/>
      <node ref="U1" pin="7"/>
      <node ref="D2" pin="1"/>
      <node ref="D5" pin="1"/>
      <node ref="D4" pin="1"/>
      <node ref="C3" pin="1"/>
      <node ref="C1" pin="1"/>
      <node ref="C5" pin="1"/>
      <node ref="D3" pin="1"/>
      <node ref="J2" pin="6"/>
      <node ref="U10" pin="23"/>
      <node ref="U4" pin="6"/>
      <node ref="U4" pin="7"/>
      <node ref="C7" pin="2"/>
      <node ref="C2" pin="1"/>
      <node ref="J3" pin="2"/>
      <node ref="R17" pin="2"/>
      <node ref="J2" pin="5"/>
      <node ref="U7" pin="6"/>
      <node ref="U7" pin="7"/>
      <node ref="U2" pin="6"/>
      <node ref="U2" pin="7"/>
      <node ref="U3" pin="6"/>
      <node ref="U3" pin="7"/>
      <node ref="C4" pin="1"/>
      <node ref="U5" pin="7"/>
      <node ref="U6" pin="6"/>
      <node ref="U6" pin="7"/>
      <node ref="U5" pin="6"/>
      <node ref="C16" pin="1"/>
      <node ref="C23" pin="1"/>
      <node ref="C6" pin="1"/>
      <node ref="C21" pin="1"/>
      <node ref="U9" pin="1"/>
      <node ref="C15" pin="1"/>
      <node ref="J1" pin="3"/>
      <node ref="SW3" pin="1"/>
      <node ref="SW4" pin="1"/>
      <node ref="SW7" pin="1"/>
      <node ref="SW8" pin="1"/>
      <node ref="C11" pin="2"/>
      <node ref="C19" pin="2"/>
      <node ref="R18" pin="2"/>
      <node ref="SW2" pin="1"/>
      <node ref="C9" pin="1"/>
      <node ref="C8" pin="1"/>
      <node ref="U8" pin="6"/>
      <node ref="U8" pin="7"/>
      <node ref="C12" pin="2"/>
      <node ref="SW9" pin="1"/>
      <node ref="C10" pin="2"/>
      <node ref="SW1" pin="1"/>
      <node ref="U10" pin="8"/>
      <node ref="C14" pin="1"/>
      <node ref="C17" pin="1"/>
      <node ref="U10" pin="47"/>
      <node ref="C18" pin="1"/>
      <node ref="C13" pin="1"/>
    </net>
    <net code="2" name="Net-(R18-Pad1)">
      <node ref="U10" pin="44"/>
      <node ref="R18" pin="1"/>
    </net>
    <net code="3" name="DOWN2">
      <node ref="SW4" pin="2"/>
      <node ref="U10" pin="13"/>
    </net>
    <net code="4" name="NRST">
      <node ref="U10" pin="7"/>
      <node ref="SW9" pin="2"/>
      <node ref="C10" pin="1"/>
      <node ref="J1" pin="5"/>
    </net>
    <net code="5" name="UP1">
      <node ref="SW1" pin="2"/>
      <node ref="U10" pin="10"/>
    </net>
    <net code="6" name="DOWN1">
      <node ref="SW2" pin="2"/>
      <node ref="U10" pin="11"/>
    </net>
    <net code="7" name="UP2">
      <node ref="U10" pin="12"/>
      <node ref="SW3" pin="2"/>
    </net>
    <net code="8" name="LEFT">
      <node ref="SW7" pin="2"/>
      <node ref="U10" pin="15"/>
    </net>
    <net code="9" name="RIGHT">
      <node ref="SW8" pin="2"/>
      <node ref="U10" pin="14"/>
    </net>
    <net code="10" name="+3V3">
      <node ref="C15" pin="2"/>
      <node ref="U9" pin="2"/>
      <node ref="U10" pin="9"/>
      <node ref="J1" pin="1"/>
      <node ref="U1" pin="4"/>
      <node ref="U10" pin="24"/>
      <node ref="U6" pin="4"/>
      <node ref="U4" pin="4"/>
      <node ref="C13" pin="2"/>
      <node ref="U5" pin="4"/>
      <node ref="U2" pin="4"/>
      <node ref="U3" pin="4"/>
      <node ref="U10" pin="48"/>
      <node ref="U7" pin="4"/>
      <node ref="C21" pin="2"/>
      <node ref="U8" pin="4"/>
      <node ref="C4" pin="2"/>
      <node ref="C3" pin="2"/>
      <node ref="U10" pin="1"/>
      <node ref="C8" pin="2"/>
      <node ref="C1" pin="2"/>
      <node ref="C12" pin="1"/>
      <node ref="C17" pin="2"/>
      <node ref="C7" pin="1"/>
      <node ref="C11" pin="1"/>
      <node ref="C19" pin="1"/>
    </net>
    <net code="11" name="Net-(U10-Pad16)">
      <node ref="U10" pin="16"/>
    </net>
    <net code="12" name="Net-(U10-Pad17)">
      <node ref="U10" pin="17"/>
    </net>
    <net code="13" name="Net-(R15-Pad2)">
      <node ref="R16" pin="2"/>
      <node ref="U8" pin="5"/>
      <node ref="R15" pin="2"/>
    </net>
    <net code="14" name="+5V">
      <node ref="U2" pin="1"/>
      <node ref="U3" pin="1"/>
      <node ref="C2" pin="2"/>
      <node ref="U1" pin="1"/>
      <node ref="U4" pin="1"/>
      <node ref="U6" pin="1"/>
      <node ref="U7" pin="1"/>
      <node ref="C16" pin="2"/>
      <node ref="C5" pin="2"/>
      <node ref="C14" pin="2"/>
      <node ref="U8" pin="1"/>
      <node ref="C23" pin="2"/>
      <node ref="C9" pin="2"/>
      <node ref="U5" pin="1"/>
      <node ref="C6" pin="2"/>
      <node ref="J3" pin="1"/>
      <node ref="U9" pin="3"/>
      <node ref="C18" pin="2"/>
      <node ref="J2" pin="1"/>
    </net>
    <net code="15" name="Net-(D1-Pad2)">
      <node ref="U10" pin="2"/>
      <node ref="D1" pin="2"/>
    </net>
    <net code="16" name="Net-(U10-Pad5)">
      <node ref="U10" pin="5"/>
    </net>
    <net code="17" name="Net-(U10-Pad4)">
      <node ref="U10" pin="4"/>
    </net>
    <net code="18" name="Net-(U10-Pad6)">
      <node ref="U10" pin="6"/>
    </net>
    <net code="19" name="SWCLK">
      <node ref="J1" pin="2"/>
      <node ref="U10" pin="37"/>
    </net>
    <net code="20" name="SWDIO">
      <node ref="U10" pin="34"/>
      <node ref="J1" pin="4"/>
    </net>
    <net code="21" name="Net-(U10-Pad3)">
      <node ref="U10" pin="3"/>
    </net>
    <net code="22" name="Net-(R19-Pad1)">
      <node ref="U10" pin="29"/>
      <node ref="R19" pin="1"/>
    </net>
    <net code="23" name="Net-(R20-Pad1)">
      <node ref="U10" pin="30"/>
      <node ref="R20" pin="1"/>
    </net>
    <net code="24" name="Net-(R21-Pad1)">
      <node ref="R21" pin="1"/>
      <node ref="U10" pin="31"/>
    </net>
    <net code="25" name="Net-(R22-Pad1)">
      <node ref="U10" pin="32"/>
      <node ref="R22" pin="1"/>
    </net>
    <net code="26" name="Net-(R23-Pad1)">
      <node ref="U10" pin="33"/>
      <node ref="R23" pin="1"/>
    </net>
    <net code="27" name="Net-(U10-Pad35)">
      <node ref="U10" pin="35"/>
    </net>
    <net code="28" name="Net-(U10-Pad36)">
      <node ref="U10" pin="36"/>
    </net>
    <net code="29" name="Net-(U10-Pad38)">
      <node ref="U10" pin="38"/>
    </net>
    <net code="30" name="Net-(D1-Pad1)">
      <node ref="R17" pin="1"/>
      <node ref="D1" pin="1"/>
    </net>
    <net code="31" name="Net-(J2-Pad2)">
      <node ref="J2" pin="2"/>
    </net>
    <net code="32" name="Net-(J2-Pad3)">
      <node ref="J2" pin="3"/>
    </net>
    <net code="33" name="Net-(J2-Pad4)">
      <node ref="J2" pin="4"/>
    </net>
    <net code="34" name="Net-(D4-Pad2)">
      <node ref="D4" pin="2"/>
      <node ref="R21" pin="2"/>
    </net>
    <net code="35" name="Net-(D5-Pad2)">
      <node ref="D5" pin="2"/>
      <node ref="R22" pin="2"/>
    </net>
    <net code="36" name="Net-(D6-Pad2)">
      <node ref="R23" pin="2"/>
      <node ref="D6" pin="2"/>
    </net>
    <net code="37" name="Net-(D2-Pad2)">
      <node ref="D2" pin="2"/>
      <node ref="R19" pin="2"/>
    </net>
    <net code="38" name="Net-(D3-Pad2)">
      <node ref="R20" pin="2"/>
      <node ref="D3" pin="2"/>
    </net>
    <net code="39" name="/A">
      <node ref="U1" pin="5"/>
      <node ref="U1" pin="8"/>
    </net>
    <net code="40" name="/D">
      <node ref="U4" pin="8"/>
      <node ref="U4" pin="5"/>
    </net>
    <net code="41" name="Net-(J1-Pad6)">
      <node ref="J1" pin="6"/>
    </net>
    <net code="42" name="Net-(R11-Pad2)">
      <node ref="R12" pin="2"/>
      <node ref="R11" pin="2"/>
      <node ref="U7" pin="8"/>
    </net>
    <net code="43" name="Net-(R3-Pad2)">
      <node ref="U5" pin="8"/>
      <node ref="R4" pin="2"/>
      <node ref="R3" pin="2"/>
    </net>
    <net code="44" name="Net-(R10-Pad2)">
      <node ref="U7" pin="5"/>
      <node ref="R9" pin="2"/>
      <node ref="R10" pin="2"/>
    </net>
    <net code="45" name="/G">
      <node ref="R10" pin="1"/>
      <node ref="R9" pin="1"/>
      <node ref="R12" pin="1"/>
      <node ref="R11" pin="1"/>
    </net>
    <net code="46" name="Net-(R7-Pad2)">
      <node ref="U6" pin="8"/>
      <node ref="R7" pin="2"/>
      <node ref="R8" pin="2"/>
    </net>
    <net code="47" name="Net-(R1-Pad2)">
      <node ref="R1" pin="2"/>
      <node ref="U5" pin="5"/>
      <node ref="R2" pin="2"/>
    </net>
    <net code="48" name="/E">
      <node ref="R2" pin="1"/>
      <node ref="R3" pin="1"/>
      <node ref="R4" pin="1"/>
      <node ref="R1" pin="1"/>
    </net>
    <net code="49" name="/H">
      <node ref="R14" pin="1"/>
      <node ref="R15" pin="1"/>
      <node ref="R16" pin="1"/>
      <node ref="R13" pin="1"/>
    </net>
    <net code="50" name="FINA">
      <node ref="U10" pin="22"/>
      <node ref="U6" pin="2"/>
    </net>
    <net code="51" name="FINB">
      <node ref="U6" pin="3"/>
      <node ref="U10" pin="21"/>
    </net>
    <net code="52" name="GINA">
      <node ref="U7" pin="2"/>
      <node ref="U10" pin="28"/>
    </net>
    <net code="53" name="GINB">
      <node ref="U7" pin="3"/>
      <node ref="U10" pin="27"/>
    </net>
    <net code="54" name="BINA">
      <node ref="U10" pin="39"/>
      <node ref="U2" pin="2"/>
    </net>
    <net code="55" name="BINB">
      <node ref="U10" pin="20"/>
      <node ref="U2" pin="3"/>
    </net>
    <net code="56" name="/B">
      <node ref="U2" pin="5"/>
      <node ref="U2" pin="8"/>
    </net>
    <net code="57" name="CINA">
      <node ref="U10" pin="41"/>
      <node ref="U3" pin="2"/>
    </net>
    <net code="58" name="CINB">
      <node ref="U3" pin="3"/>
      <node ref="U10" pin="40"/>
    </net>
    <net code="59" name="EINA">
      <node ref="U5" pin="2"/>
      <node ref="U10" pin="46"/>
    </net>
    <net code="60" name="EINB">
      <node ref="U10" pin="45"/>
      <node ref="U5" pin="3"/>
    </net>
    <net code="61" name="Net-(R13-Pad2)">
      <node ref="R13" pin="2"/>
      <node ref="R14" pin="2"/>
      <node ref="U8" pin="8"/>
    </net>
    <net code="62" name="Net-(R5-Pad2)">
      <node ref="U6" pin="5"/>
      <node ref="R5" pin="2"/>
      <node ref="R6" pin="2"/>
    </net>
    <net code="63" name="/C1">
      <node ref="U3" pin="8"/>
      <node ref="U3" pin="5"/>
    </net>
    <net code="64" name="/F">
      <node ref="R5" pin="1"/>
      <node ref="R6" pin="1"/>
      <node ref="R8" pin="1"/>
      <node ref="R7" pin="1"/>
    </net>
    <net code="65" name="HINA">
      <node ref="U10" pin="26"/>
      <node ref="U8" pin="2"/>
    </net>
    <net code="66" name="HINB">
      <node ref="U8" pin="3"/>
      <node ref="U10" pin="25"/>
    </net>
    <net code="67" name="AINA">
      <node ref="U10" pin="19"/>
      <node ref="U1" pin="2"/>
    </net>
    <net code="68" name="AINB">
      <node ref="U1" pin="3"/>
      <node ref="U10" pin="18"/>
    </net>
    <net code="69" name="DINB">
      <node ref="U10" pin="42"/>
      <node ref="U4" pin="3"/>
    </net>
    <net code="70" name="DINA">
      <node ref="U4" pin="2"/>
      <node ref="U10" pin="43"/>
    </net>
  </nets>
</export>
