Comment,Designator,Footprint,LCSC
4.7u,"C1,C8,C13,C21,C4,C3,C15,C17",Capacitor_SMD:C_0805_2012Metric,C15850
100n,"C10,C11,C12,C19",Capacitor_SMD:C_0805_2012Metric,C49678
10u,"C2,C9,C14,C23,C6,C5,C16,C18",Capacitor_SMD:C_0805_2012Metric,C1779
22uF,C7,Capacitor_SMD:C_0805_2012Metric,C45783
LED,"D1,D2,D3,D4,D5,D6",LED_SMD:LED_0603_1608Metric,C72041
Conn_01x06_Male,J1,Connector_PinHeader_2.54mm:PinHeader_1x06_P2.54mm_Vertical,
USB_B_Micro,J2,MyLib:USBMicroConrad,
Conn_01x02_Female,J3,Connector_PinHeader_2.54mm:PinHeader_1x02_P2.54mm_Vertical,
470,"R17,R19,R20,R21,R22,R23",Resistor_SMD:R_0603_1608Metric,C23179
10k,R18,Resistor_SMD:R_0603_1608Metric,C25804
R,"R3,R4,R1,R2,R7,R8,R5,R6,R11,R12,R9,R10,R13,R14,R15,R16",Resistor_SMD:R_2512_6332Metric,
STM32F030C8Tx,U10,Package_QFP:LQFP-48_7x7mm_P0.5mm,C23922
MX612E,"U2,U3,U5,U6,U7,U1,U4,U8",Package_SO:SOP-8_3.76x4.96mm_P1.27mm,C110207
AMS1117-3.3,U9,Package_TO_SOT_SMD:SOT-223-3_TabPin2,C6186
